nm,exPts,exVar,wk
A'Shawn Robinson,0,1,17
A.J. Bouye,0,1,17
A.J. Brown,14.186057692308,1,17
A.J. Klein,0,1,17
A.J. Moore Jr. IR,0,1,17
Aaron Brewer,0,1,17
Aaron Colvin,0,1,17
Aaron Donald,0,1,17
Aaron Jones,48.1591346153845,1,17
Aaron Lynch,0,1,17
Aaron Rodgers,16.1455769230769,1,17
Abry Jones IR,0,1,17
Adam Butler,0,1,17
Adam Gotsis,0,1,17
Adam Humphries O,-3.61298076923063,1,17
Adam Shaheen,0.119230769230751,1,17
Adam Thielen,1.92307692307705,1,17
Adam Vinatieri,-2.98076923076918,1,17
Adoree' Jackson IR,0,1,17
Adrian Amos,0,1,17
Adrian Clayborn,0,1,17
Adrian Peterson,19.476923076923,1,17
Adrian Phillips,0,1,17
Ahkello Witherspoon,0,1,17
Akiem Hicks,0,1,17
Al Woods,0,1,17
Al-Quadin Muhammad,0,1,17
Albert Wilson,22.3024038461538,1,17
Aldrick Rosas,4.98557692307697,1,17
Alec Ingold Q,-0.139423076923087,1,17
Alec Ogletree,0,1,17
Alex Anzalone,0,1,17
Alex Armah,1.27163461538462,1,17
Alex Erickson,24.3562500000001,1,17
Alex Okafor IR,0,1,17
Alex Tanney,0.0125,1,17
Alexander Johnson,0,1,17
Alexander Mattison,-7.48653846153828,1,17
Allen Bailey,0,1,17
Allen Hurns,1.96057692307693,1,17
Allen Lazard IR,11.3052884615384,1,17
Allen Robinson II,1.86730769230778,1,17
Alshon Jeffery Q,-1.56826923076913,1,17
Alvin Kamara,22.3370192307696,1,17
Amari Cooper,-1.05528846153825,1,17
Ameer Abdullah,19.6043269230768,1,17
Andre Patton,4.68269230769232,1,17
Andre Roberts,0.209134615384618,1,17
Andrew Beck IR,0.0687500000000059,1,17
Andrew Billings,0,1,17
Andrew Sendejo,0,1,17
Andrew Wingard IR,0,1,17
Andy Dalton,62.8008653846153,1,17
Andy Isabella,3.95576923076916,1,17
Andy Janovich,0.546634615384583,1,17
Angelo Blackson,0,1,17
Anthony Averett IR,0,1,17
Anthony Barr IR,0,1,17
Anthony Brown,0,1,17
Anthony Firkser,0.633173076923051,1,17
Anthony Harris,0,1,17
Anthony Hitchens,0,1,17
Anthony Levine Sr.,1.87499999999999,1,17
Anthony Miller,-10.1961538461537,1,17
Anthony Sherman,-0.0817307692307696,1,17
Anthony Walker,0,1,17
Antoine Bethea,0,1,17
Antone Exum,0,1,17
Antonio Brown,-3.01875000000012,1,17
Antonio Callaway,3.75240384615372,1,17
Antonio Hamilton,0,1,17
Antony Auclair,0.454326923076912,1,17
Antwaun Woods,0,1,17
Aqib Talib,0,1,17
Arden Key O,0,1,17
Arik Armstead,0,1,17
Arizona Cardinals,21.2067307692306,1,17
Artie Burns IR,0,1,17
Ashton Dulin IR,-0.723557692307686,1,17
Atlanta Falcons,5.51923076923067,1,17
Auden Tate,-7.02355769230759,1,17
Austin Carr,0.593749999999989,1,17
Austin Cutting,0,1,17
Austin Ekeler IR,9.23221153846164,1,17
Austin Hooper Q,29.269230769231,1,17
Austin Johnson,0,1,17
Austin Seibert,-5.24038461538454,1,17
Avery Moss,0,1,17
Avonte Maddox,0,1,17
Azeez Al-Shaair,0,1,17
B.J. Hill,0,1,17
B.W. Webb,0,1,17
Baker Mayfield,8.03211538461532,1,17
Baltimore Ravens,5.98557692307665,1,17
Bashaud Breeland,0,1,17
Ben Banogu,0,1,17
Ben Braunecker,-2.24375000000007,1,17
Ben Burr-Kirven,0,1,17
Ben Gedeon PUP,0,1,17
Ben Koyack,-0.411057692307694,1,17
Ben Roethlisberger,2.79374999999997,1,17
Benardrick McKinney IR,0,1,17
Benjamin Watson,7.06394230769225,1,17
Bennie Fowler IR,4.53413461538454,1,17
Benny Snell Jr.,-9.06923076923067,1,17
Benson Mayowa O,0,1,17
Bilal Nichols,0,1,17
Bilal Powell,-4.2812499999999,1,17
Bisi Johnson,4.41346153846154,1,17
Blake Bell,7.82211538461537,1,17
Blake Cashman O,0,1,17
Blake Jarwin IR,3.87259615384606,1,17
Blake Martinez,0,1,17
Bo Scarbrough,-7.63076923076917,1,17
Bobby McCain,0,1,17
Bobby Okereke,0,1,17
Bobby Wagner,0,1,17
Boston Scott,11.8831730769231,1,17
Bradley Chubb,0,1,17
Bradley McDougald IR,0,1,17
Bradley Roby,0,1,17
Brandin Cooks,12.414903846154,1,17
Brandon Allen,-0.751057692307743,1,17
Brandon Bolden,-0.833173076922909,1,17
Brandon Carr,0,1,17
Brandon Facyson,0,1,17
Brandon Graham,0,1,17
Brandon McManus,5.31730769230774,1,17
Brandon Mebane,0,1,17
Brandon Williams,0,1,17
Brandon Wilson,1.00961538461539,1,17
Brandon Zylstra,1.50000000000001,1,17
Braxton Berrios,-5.66874999999988,1,17
Brennan Scarlett Q,0,1,17
Breshad Perriman,31.6293269230769,1,17
Brett Hundley,8.53124999999998,1,17
Brett Maher,-1.40865384615388,1,17
Brian Burns,0,1,17
Brian Hill,4.58028846153846,1,17
Brian Hoyer,3.96730769230757,1,17
Brian Poole,0,1,17
Brooks Reed,0,1,17
Bryan Mone Q,0,1,17
Bryce Hager,0,1,17
Brynden Trawick,0,1,17
Bud Dupree,0,1,17
Budda Baker,0,1,17
Buddy Howell,-0.108173076923077,1,17
Buffalo Bills,-1.92307692307687,1,17
Buster Skrine,0,1,17
Byron Jones,0,1,17
Byron Murphy Jr.,0,1,17
Byron Pringle,-2.05769230769224,1,17
C.J. Board,1.27644230769228,1,17
C.J. Gardner-Johnson,0,1,17
C.J. Goodwin,0,1,17
C.J. Ham,4.93221153846155,1,17
C.J. Moore,0,1,17
C.J. Mosley,0,1,17
C.J. Prosise,-1.12403846153847,1,17
C.J. Uzomah IR,20.329326923077,1,17
CJ Anderson,0.943750000000003,1,17
Cairo Santos,1.08653846153845,1,17
Calais Campbell Q,0,1,17
Calvin Ridley O,-24.1875000000001,1,17
Cam Newton,-0.572500000000129,1,17
Cam Sims,3.90624999999999,1,17
Cameron Brate,-0.0456730769230083,1,17
Cameron Heyward,0,1,17
Cameron Jordan,0,1,17
Cameron Sutton,0,1,17
Cameron Wake,0,1,17
Carl Lawson,0,1,17
Carl Nassib,0,1,17
Carlos Dunlap,0,1,17
Carlos Hyde O,20.0225961538461,1,17
Carlos Watkins,0,1,17
Carlton Davis,0,1,17
Carolina Panthers,-4.21153846153826,1,17
Carson Wentz,19.6842307692309,1,17
Case Keenum,30.5799038461539,1,17
Casey Hayward Jr.,0,1,17
Cassanova McKinzy,0,1,17
Cassius Marsh,0,1,17
Cedrick Wilson,1.61538461538462,1,17
Cethan Carter,2.90624999999997,1,17
Chad Beebe,-0.737500000000062,1,17
Chandler Jones IR,0,1,17
Charles Clay,4.51105769230768,1,17
Charles Harris,0,1,17
Charles Washington,0,1,17
Charvarius Ward,0,1,17
Chase Daniel,-3.08846153846143,1,17
Chase Edmonds,11.5129807692308,1,17
Chase McLaughlin,7.30288461538465,1,17
Chase Winovich,0,1,17
Chester Rogers,-1.6322115384616,1,17
Chicago Bears,-8.46153846153826,1,17
Chidobe Awuzie IR,0,1,17
Chris Board,0,1,17
Chris Boswell,-1.00961538461533,1,17
Chris Carson O,17.5951923076923,1,17
Chris Conley,30.728365384615,1,17
Chris Godwin,-25.8341346153847,1,17
Chris Harris Jr. IR,0,1,17
Chris Herndon,0.0408653846153756,1,17
Chris Hogan IR,5.08509615384614,1,17
Chris Jones,0,1,17
Chris Lacy,1.81249999999999,1,17
Chris Lammons,0,1,17
Chris Manhertz,-0.656249999999974,1,17
Chris Moore IR,1.02067307692307,1,17
Chris Odom,0,1,17
Chris Thompson,6.71682692307707,1,17
Chris Wormley IR,0,1,17
Christian Blake,-7.64374999999996,1,17
Christian Covington,0,1,17
Christian Jones,0,1,17
Christian Kirk,-5.61826923076934,1,17
Christian Kirksey IR,0,1,17
Christian McCaffrey Q,46.1615384615386,1,17
Christian Miller,0,1,17
Christian Wilkins,11.09375,1,17
Chuck Clark,0,1,17
Cincinnati Bengals,-10.153846153846,1,17
Clay Matthews,0,1,17
Clayton Fejedelem,0,1,17
Clayton Geathers,0,1,17
Clelin Ferrell,0,1,17
Cleveland Browns,-14.8990384615385,1,17
Clinton McDonald,0,1,17
Clive Walford,5.51201923076921,1,17
Codey McElroy,6.25,1,17
Cody Core IR,-1.08750000000005,1,17
Cody Davis Q,2.65624999999999,1,17
Cody Hollister,-1.66586538461538,1,17
Cody Latimer,29.2980769230769,1,17
Cody Parkey,5.50961538461531,1,17
Cole Beasley,7.25480769230784,1,17
Cole Holcomb,0,1,17
Colt McCoy,-0.126923076923053,1,17
Cooper Kupp,3.12788461538494,1,17
Cordarrelle Patterson,6.40288461538459,1,17
Corey Davis,9.9408653846155,1,17
Corey Nelson,0,1,17
Corey Peters,0,1,17
Cory Littleton,0,1,17
Courtland Sutton IR,5.78605769230789,1,17
Cullen Gillaspia,0,1,17
Curtis Riley,0,1,17
Curtis Samuel,0.520192307692186,1,17
D'Ernest Johnson,0.211538461538396,1,17
D.J. Alexander,0,1,17
D.J. Hayden IR,0,1,17
D.J. Jones,0,1,17
D.J. Moore,-17.9360576923077,1,17
D.J. Reader IR,0,1,17
D.J. Swearinger,0,1,17
DJ Chark Jr.,-5.53076923076914,1,17
DK Metcalf,4.26634615384599,1,17
Da'Mari Scott,3.00240384615385,1,17
DaQuan Jones,0,1,17
DaeSean Hamilton,26.2759615384615,1,17
Dak Prescott IR,3.00384615384617,1,17
Dallas Cowboys,2.07692307692318,1,17
Dallas Goedert,36.214423076923,1,17
Dalton Schultz,0.26923076923077,1,17
Dalvin Cook,0.653846153846047,1,17
Dalvin Tomlinson,0,1,17
Dalyn Dawkins,3.74999999999998,1,17
Damarious Randall,0,1,17
Damien Harris Q,0.351923076923071,1,17
Damien Williams,42.5418269230764,1,17
Damien Wilson,0,1,17
Damiere Byrd,9.85048076923066,1,17
Damion Ratley,-0.682692307692299,1,17
Damion Square,0,1,17
Damion Willis,0.998076923076937,1,17
Damon Harrison,0,1,17
Damontae Kazee IR,0,1,17
Dan Arnold,8.46874999999995,1,17
Dan Bailey,9.68750000000006,1,17
Daniel Brown,-2.99999999999998,1,17
Daniel Carlson,13.6057692307691,1,17
Daniel Jones,51.2702884615386,1,17
Daniel Sorensen,0,1,17
Danielle Hunter IR,0,1,17
Danny Amendola,22.5413461538461,1,17
Danny Shelton,0,1,17
Danny Trevathan,0,1,17
Danny Vitale,-0.73269230769221,1,17
Dante Fowler Jr. O,0,1,17
Dante Pettis,0.310288461538532,1,17
Dare Ogunbowale,8.4427884615385,1,17
Daren Bates,0,1,17
Darian Stewart,0,1,17
Darious Williams,0,1,17
Darius Jennings,-0.739903846153859,1,17
Darius Leonard,0,1,17
Darius Slay Q,0,1,17
Darius Slayton,-12.3990384615383,1,17
Darnell Savage,0,1,17
Daron Payne,0,1,17
Darrel Williams,-14.0331730769229,1,17
Darrell Daniels,-0.302884615384617,1,17
Darrell Henderson Jr. Q,5.42980769230764,1,17
Darren Fells,7.67067307692316,1,17
Darren Sproles,3.27403846153836,1,17
Darren Waller,4.13701923076938,1,17
Darron Lee,0,1,17
Darryl Roberts IR,0,1,17
Darwin Thompson,-3.94663461538455,1,17
Daryl Worley,0,1,17
Davante Adams,18.4057692307693,1,17
David Blough,4.3557692307693,1,17
David Johnson Q,-3.27451923076887,1,17
David Montgomery Q,6.18894230769217,1,17
David Moore,-1.86826923076909,1,17
David Njoku,3.84374999999994,1,17
Davon Godchaux IR,0,1,17
Dawson Knox,-5.36971153846142,1,17
Dawuane Smoot,0,1,17
De'Anthony Thomas,-0.300000000000013,1,17
De'Lance Turner,0.937499999999996,1,17
De'Vante Bausby,0,1,17
De'Vondre Campbell,0,1,17
DeAndre Baker,0,1,17
DeAndre Carter,12.420673076923,1,17
DeAndre Hopkins,11.9581730769231,1,17
DeAndre Washington,18.4831730769231,1,17
DeAndrew White IR,3.99999999999997,1,17
DeForest Buckner,0,1,17
DeMarcus Lawrence,0,1,17
DeMarcus Walker,0,1,17
DeSean Jackson IR,12.324519230769,1,17
DeShon Elliott,0,1,17
DeVante Parker,25.4331730769231,1,17
Dean Lowry,0,1,17
Deatrich Wise Jr. Q,0,1,17
Dede Westbrook IR,-9.33221153846141,1,17
Dee Ford IR,0,1,17
Dee Virgin,0,1,17
Deebo Samuel,6.41730769230754,1,17
Deion Jones,0,1,17
Delanie Walker,2.23990384615385,1,17
Demarcus Robinson,-5.43125000000018,1,17
Demario Davis,0,1,17
Demaryius Thomas,-1.49375000000003,1,17
Demetrius Harris,11.0716346153846,1,17
Denico Autry,0,1,17
Denver Broncos,2.48076923076936,1,17
Denzel Ward,0,1,17
Deon Cain,2.05769230769236,1,17
Deon Lacey,0,1,17
Deon Yelder,-1.32211538461539,1,17
Deonte Harris,0.25865384615386,1,17
Derek Barnett,0,1,17
Derek Carr,31.2323076923076,1,17
Derek Carrier,1.45913461538458,1,17
Derek Watt,-2.83269230769228,1,17
Derek Wolfe,0,1,17
Derrick Henry,-20.1552884615384,1,17
Derrick Nnadi,0,1,17
Derrius Guice,-19.7461538461537,1,17
Deshaun Watson,6.47163461538496,1,17
Deshazor Everett,0,1,17
Desmond King II,-0.144230769230772,1,17
Detroit Lions,4.43269230769234,1,17
Devin Bush IR,0,1,17
Devin Funchess,1.93749999999998,1,17
Devin McCourty,0,1,17
Devin Singletary,1.45528846153811,1,17
Devin Smith,-4.91875000000007,1,17
Devin White,0,1,17
Devlin Hodges,-7.69317307692294,1,17
Devon Kennard,0,1,17
Devonta Freeman O,46.677403846154,1,17
Devontae Booker,1.08894230769232,1,17
Dexter Lawrence,0,1,17
Dion Lewis,15.1557692307692,1,17
Diontae Johnson,23.889903846154,1,17
Diontae Spencer,0.944711538461523,1,17
Dominique Rodgers-Cromartie,0,1,17
Dont'a Hightower,0,1,17
Dontari Poe,0,1,17
Dontavius Russell IR,0,1,17
Donte Jackson,0,1,17
Donte Moncrief,1.5096153846154,1,17
Dontrell Hilliard,5.70913461538459,1,17
Dontrelle Inman O,1.78028846153851,1,17
Dorance Armstrong,0,1,17
Dorian O'Daniel,0,1,17
Dre Greenlaw,0,1,17
Dre Kirkpatrick O,0,1,17
Drew Brees,27.4368269230769,1,17
Drew Lock,6.49086538461556,1,17
Drew Sample,-0.431250000000041,1,17
Drue Tranquill IR,0,1,17
Duke Johnson,-0.0254807692307235,1,17
Duke Williams,1.15769230769231,1,17
Durham Smythe Q,3.2591346153846,1,17
Duron Harmon,0,1,17
Dustin Hopkins,4.26442307692306,1,17
Dwayne Harris,0.531249999999982,1,17
Dwayne Haskins Jr.,14.6275961538462,1,17
Dwayne Washington,2.28173076923075,1,17
Dylan Cole,0,1,17
Earl Thomas III,0,1,17
Ed Oliver,0,1,17
Eddie Goldman,0,1,17
Eddie Jackson,0,1,17
Eddy Piñeiro IR,-0.923076923076996,1,17
Efe Obada,0,1,17
Eli Apple,0,1,17
Eli Manning,3.69374999999997,1,17
Elijhaa Penny,-0.079326923076904,1,17
Emmanuel Moseley,0,1,17
Emmanuel Ogbah,0,1,17
Emmanuel Sanders,6.06153846153833,1,17
Eric Ebron,-3.87067307692313,1,17
Eric Kendricks,0,1,17
Eric Reid,0,1,17
Eric Rowe,0,1,17
Eric Saubert,3.28125000000001,1,17
Eric Tomlinson,0.322596153846153,1,17
Eric Weddle,0,1,17
Eric Wilson,0,1,17
Erik Harris,-0.00961538461538297,1,17
Evan Engram,4.56442307692323,1,17
Everson Griffen,0,1,17
Ezekiel Elliott,12.6985576923078,1,17
Ezekiel Turner,0,1,17
Fletcher Cox,0,1,17
Foster Moreau,-3.61442307692295,1,17
Foyesade Oluokun,0,1,17
Frank Clark,0,1,17
Frank Gore,-12.7120192307692,1,17
Frankie Luvu IR,0,1,17
Fred Brown,1.06490384615383,1,17
Fred Warner,0,1,17
Gardner Minshew II O,29.72125,1,17
Gareon Conley IR,0,1,17
Geno Atkins,0,1,17
Geoff Swaim,-0.404326923076918,1,17
George Kittle IR,32.1230769230769,1,17
George Odum,0,1,17
Gerald Everett,-1.57019230769227,1,17
Gerald McCoy,0,1,17
Geremy Davis,-0.586538461538459,1,17
Germaine Pratt,0,1,17
Geronimo Allison,-0.953365384615354,1,17
Giovani Bernard,3.52500000000005,1,17
Golden Tate O,38.7778846153843,1,17
Grady Jarrett,0,1,17
Grant Haley,0,1,17
Greedy Williams IR,0,1,17
Green Bay Packers,14.8269230769231,1,17
Greg Joseph,6.25,1,17
Greg Olsen,-6.04375000000001,1,17
Greg Ward,16.7451923076923,1,17
Greg Zuerlein,7.31250000000008,1,17
Grover Stewart,0,1,17
Gunner Olszewski,0.908653846153848,1,17
Gus Edwards,6.3394230769231,1,17
Ha Ha Clinton-Dix,0,1,17
Haason Reddick,0,1,17
Hale Hentges,17.3774038461538,1,17
Harold Landry III,0,1,17
Harrison Butker,17.8653846153846,1,17
Harrison Smith,0,1,17
Harvey Langi,0,1,17
Hassan Ridgeway IR,0,1,17
Hayden Hurst,-4.52115384615379,1,17
Henry Anderson,0,1,17
Houston Texans,31.6538461538461,1,17
Hunter Henry,27.2509615384614,1,17
Hunter Renfrow,44.4639423076919,1,17
Ian Thomas,-0.517307692307528,1,17
Indianapolis Colts,41.9374999999999,1,17
Irv Smith Jr.,5.83846153846154,1,17
Isaac Nauta,0.218750000000006,1,17
Isaac Yiadom,0,1,17
Isaiah Ford,14.6538461538462,1,17
Isaiah Mack,0,1,17
Isaiah McKenzie,-4.11634615384616,1,17
Isaiah Oliver,0,1,17
Ishmael Hyman,6.8125,1,17
Ito Smith,-2.35576923076928,1,17
J.C. Jackson Q,0,1,17
J.D. McKissic,-0.662500000000096,1,17
J.J. Arcega-Whiteside,-1.03028846153839,1,17
J.J. Jansen,0,1,17
J.J. Nelson,-4.2499999999999,1,17
J.J. Watt,0,1,17
J.P. Holtz,0.75721153846159,1,17
Ja'Whaun Bentley Q,0,1,17
Jabrill Peppers,0,1,17
Jack Crawford,0,1,17
Jack Doyle Q,-4.50961538461533,1,17
Jacksonville Jaguars,8.82692307692306,1,17
Jacob Hollister,17.5105769230768,1,17
Jacob Martin,0,1,17
Jacoby Brissett,3.70163461538488,1,17
Jadeveon Clowney O,0,1,17
Jaeden Graham,-9.56586538461531,1,17
Jahlani Tavai,0,1,17
Jahleel Addae,0,1,17
Jaire Alexander Q,0,1,17
Jake Elliott,3.74519230769233,1,17
Jake Kumerow,8.16634615384607,1,17
Jake McQuaide,0,1,17
Jakeem Grant Sr.,-4.43846153846155,1,17
Jakob Johnson,-0.036057692307693,1,17
Jakobi Meyers,2.14951923076934,1,17
Jaleel Johnson,0,1,17
Jalen Ramsey Q,0,1,17
Jalen Reeves-Maybin,0,1,17
Jalen Richard,5.78028846153846,1,17
Jamaal Williams,13.0706730769229,1,17
Jamal Adams,0,1,17
Jamal Agnew O,7.50000000000004,1,17
Jamal Perry O,0,1,17
Jameis Winston,5.08625000000077,1,17
James Bradberry,0,1,17
James Conner,14.8149038461538,1,17
James Crawford,0,1,17
James Develin,-0.0562500000000024,1,17
James O'Shaughnessy,-4.2004807692307,1,17
James Washington,-1.86490384615385,1,17
James White,2.07548076923075,1,17
Jamie Collins Sr.,0,1,17
Jamison Crowder Q,31.3360576923072,1,17
Janoris Jenkins,0,1,17
Jaquiski Tartt Q,0,1,17
Jared Cook,16.9274038461539,1,17
Jared Goff,23.2034615384616,1,17
Jarius Wright,-4.29134615384597,1,17
Jaron Brown,1.72115384615395,1,17
Jarrod Wilson,0,1,17
Jarvis Landry,-3.48557692307677,1,17
Jason McCourty,0,1,17
Jason Moore,1.06009615384615,1,17
Jason Myers,12.5192307692308,1,17
Jason Pierre-Paul,0,1,17
Jason Sanders,0.617788461538665,1,17
Jason Witten,-1.32548076923073,1,17
Javien Elliott,0,1,17
Javon Wims SUS,2.5341346153847,1,17
Javorius Allen,2.54807692307691,1,17
Jay Ajayi,-1.29519230769229,1,17
Jaylen Samuels,0.467307692307717,1,17
Jaylen Watkins,0,1,17
Jaylon Smith,0,1,17
Jayon Brown,0,1,17
Jayron Kearse,0,1,17
Jeff Driskel,-12.1491346153847,1,17
Jeff Heath,0,1,17
Jeff Heuerman,-1.37692307692312,1,17
Jeff Smith,0.687499999999998,1,17
Jeff Wilson Jr. IR,-10.4225961538461,1,17
Jeremy Sprinkle,2.32355769230769,1,17
Jermaine Carter,0,1,17
Jermaine Whitehead,0,1,17
Jerome Baker,0,1,17
Jerry Hughes,0,1,17
Jerry Tillery,0,1,17
Jesper Horsted,-2.44759615384607,1,17
Jesse James,3.83028846153844,1,17
Jessie Bates III,0,1,17
Jesus Wilson,-0.40144230769229,1,17
Jihad Ward,0,1,17
Jimmy Garoppolo IR,3.87211538461521,1,17
Jimmy Graham,7.97692307692315,1,17
Jimmy Moreland,0,1,17
Joe Flacco,-0.891346153846188,1,17
Joe Haden,0,1,17
Joe Jackson,0,1,17
Joe Mixon Q,-2.67307692307672,1,17
Joe Schobert,0,1,17
Joe Thomas,0,1,17
Joe Walker,0,1,17
Joey Bosa O,0,1,17
Joey Ivie,0,1,17
Joey Slye,5.9903846153846,1,17
John Brown,16.6216346153843,1,17
John Jenkins,0,1,17
John Johnson III,0,1,17
John Ross III Q,28.1596153846151,1,17
John Simon Q,0,1,17
Johnathan Abram,0,1,17
Johnathan Hankins,0,1,17
Johnathan Joseph,0,1,17
Johnny Holton,-0.302884615384614,1,17
Johnny Mundt,1.13942307692306,1,17
Jon Bostic,0,1,17
Jon Hilliman,0.177884615384634,1,17
Jonathan Jones,0,1,17
Jonathan Ledbetter,0,1,17
Jonathan Williams,-16.1245192307692,1,17
Jonnu Smith,33.7874999999998,1,17
Jordan Akins,-10.1019230769228,1,17
Jordan Dangerfield,0,1,17
Jordan Hicks,0,1,17
Jordan Howard,3.33269230769243,1,17
Jordan Jenkins,0,1,17
Jordan Matthews,-2.78509615384615,1,17
Jordan Phillips,0,1,17
Jordan Poyer,0,1,17
Jordan Whitehead,0,1,17
Jordan Wilkins,19.9187499999999,1,17
Josey Jewell,0,1,17
Josh Adams,-0.386538461538461,1,17
Josh Allen,15.4336538461536,1,17
Josh Bellamy,0.499999999999976,1,17
Josh Ferguson,0.281249999999997,1,17
Josh Gordon SUS,-3.38509615384592,1,17
Josh Hill,2.29567307692313,1,17
Josh Jacobs,7.49711538461526,1,17
Josh Lambo IR,9.73076923076924,1,17
Josh Mauro,0,1,17
Josh McCown,-0.180000000000008,1,17
Josh Norman,0,1,17
Josh Oliver IR,0.478365384615364,1,17
Josh Perkins IR,-2.71874999999991,1,17
Josh Reynolds,6.55913461538455,1,17
Josh Robinson,0,1,17
Josh Rosen,-5.41740384615379,1,17
Josh Sweat,0,1,17
Jourdan Lewis,0,1,17
JuJu Smith-Schuster,9.74230769230767,1,17
Juan Thornhill,0,1,17
Julian Edelman IR,7.91538461538473,1,17
Julio Jones,52.0466346153844,1,17
Jurrell Casey IR,0,1,17
Justice Hill,20.2360576923077,1,17
Justin Bethel,0,1,17
Justin Coleman,0,1,17
Justin Hardy,-0.0870192307691653,1,17
Justin Houston,0,1,17
Justin Jackson,-0.462019230769227,1,17
Justin Jones,0,1,17
Justin Reid,0,1,17
Justin Simmons,0,1,17
Justin Tucker,4.77884615384613,1,17
Justin Watson,19.2836538461539,1,17
K'Waun Williams Q,0,1,17
K.J. Wright Q,0,1,17
Ka'imi Fairbairn,18.7596153846153,1,17
Kaare Vedvik,0,1,17
Kaden Smith Q,22.8423076923077,1,17
Kai Forbath,20.7932692307692,1,17
Kalen Ballage,-0.706730769230824,1,17
Kalif Raymond,0.908173076923095,1,17
Kamalei Correa,0,1,17
Kameron Kelly,0,1,17
Kansas City Chiefs,9.54326923076923,1,17
Kareem Hunt,-3.52596153846149,1,17
Kareem Jackson,0,1,17
Kareem Martin,0,1,17
Karl Joseph,0,1,17
Kavon Frazier,0,1,17
Kawann Short IR,0,1,17
Keanu Neal,0,1,17
KeeSean Johnson,2.26538461538453,1,17
Keelan Cole Sr.,11.4519230769229,1,17
Keelan Doss,-0.0966346153845592,1,17
Keenan Allen,4.42740384615415,1,17
Keion Crossen,0,1,17
Keith Smith,3.32692307692307,1,17
Keke Coutee,-1.16778846153845,1,17
Kelvin Harmon,10.3451923076923,1,17
Kemoko Turay PUP,0,1,17
Kendall Fuller,0,1,17
Kendrick Bourne,-0.192307692307658,1,17
Kenjon Barner,-4.44278846153844,1,17
Kenny Clark,0,1,17
Kenny Golladay O,19.1798076923074,1,17
Kenny Moore II,0,1,17
Kenny Stills,18.5139423076923,1,17
Kenny Vaccaro,0,1,17
Kenny Young,0,1,17
Kentrell Brothers SUS,0,1,17
Kenyan Drake O,66.8322115384613,1,17
Kerrith Whyte,-0.625961538461486,1,17
Kerry Wynn,0,1,17
Kerryon Johnson,2.94759615384624,1,17
Kevin Byard,0.615865384615379,1,17
Kevin King O,0,1,17
Kevin Peterson Q,0,1,17
Kevin Pierre-Louis,0,1,17
KhaDarel Hodge,1.8293269230769,1,17
Khalil Mack,0,1,17
Khari Blasingame,-1.78124999999994,1,17
Khari Willis,0,1,17
Kirk Cousins,16.4827884615384,1,17
Kris Boyd,0,1,17
Krishawn Hogan,2.18749999999999,1,17
Kwon Alexander,0,1,17
Kyle Allen O,-29.189711538461,1,17
Kyle Fuller,0,1,17
Kyle Juszczyk,0.351442307692358,1,17
Kyle Rudolph,1.24374999999999,1,17
Kyle Van Noy,0,1,17
Kyler Fackrell,0,1,17
Kyler Murray,18.3371153846153,1,17
Kyzir White,0,1,17
Lamar Jackson,34.7690384615384,1,17
Lamarcus Joyner,0,1,17
Lance Kendricks,-1.95192307692301,1,17
Landon Collins IR,0,1,17
Laquon Treadwell,-5.68269230769226,1,17
Larry Fitzgerald,19.183173076923,1,17
Larry Ogunjobi,0,1,17
Las Vegas Raiders,1.37019230769224,1,17
Latavius Murray,26.2004807692306,1,17
Lavonte David,0,1,17
Lawrence Guy Q,0,1,17
Le'Veon Bell,19.1937499999998,1,17
LeSean McCoy,-12.0990384615383,1,17
Lee Smith,0.532211538461533,1,17
Leighton Vander Esch,0,1,17
Leon Jacobs IR,0,1,17
Leonard Floyd,0,1,17
Leonard Fournette,1.86826923076944,1,17
Leonard Williams,0,1,17
Levi Wallace,0,1,17
Levine Toilolo,0.654807692307691,1,17
Linval Joseph,0,1,17
Logan Ryan,0,1,17
Logan Thomas,-0.804807692307674,1,17
Lorenzo Alexander,0,1,17
Lorenzo Carter IR,0,1,17
Los Angeles Chargers,2.29326923076927,1,17
Los Angeles Rams,6.41346153846159,1,17
Luke Falk,-2.44076923076925,1,17
Luke Kuechly,0,1,17
Luke Stocker,0.0620192307692318,1,17
Luke Willson,0.959134615384615,1,17
M.J. Stewart Jr.,0,1,17
Mack Hollins,-5.56009615384605,1,17
Mackensie Alexander,0,1,17
Malcolm Brown,-1.16249999999998,1,17
Malcolm Butler,0,1,17
Malcolm Jenkins,0,1,17
Malcom Brown,0,1,17
Malik Hooker IR,0,1,17
Malik Jefferson,0,1,17
Malik Reed,0,1,17
Malik Turner,1.1783653846153,1,17
Marcedes Lewis,-0.620192307692255,1,17
Marcell Ateman,2.30096153846153,1,17
Marcus Davenport,0,1,17
Marcus Epps,0,1,17
Marcus Johnson,-11.1105769230769,1,17
Marcus Mariota,-5.94874999999986,1,17
Marcus Maye,0,1,17
Marcus Peters,0,1,17
Marcus Williams,0,1,17
Margus Hunt,0,1,17
Mario Addison,0,1,17
Mark Andrews,37.6374999999996,1,17
Mark Barron IR,0,1,17
Mark Ingram II,10.1168269230772,1,17
Mark Nzeocha IR,0,1,17
Mark Walton,6.11538461538457,1,17
Markus Golden,0,1,17
Marlon Humphrey,0,1,17
Marlon Mack IR,31.9009615384611,1,17
Marqise Lee,0.20192307692308,1,17
Marquel Lee,0,1,17
Marquez Valdes-Scantling,4.01153846153862,1,17
Marqui Christian,0,1,17
Marquise Blair IR,0,1,17
Marquise Brown,1.37163461538451,1,17
Marquise Goodwin,-4.44855769230775,1,17
Marshon Lattimore,0,1,17
Marvin Hall,2.69855769230766,1,17
Marvin Jones Jr.,-3.9100961538461,1,17
Mason Crosby,12.3028846153847,1,17
Mason Rudolph,7.95423076923073,1,17
Matt Barkley,-0.882692307692294,1,17
Matt Breida O,0.0206730769230346,1,17
Matt Bryant,1.02884615384615,1,17
Matt Gay,8.02403846153856,1,17
Matt Ioannidis IR,0,1,17
Matt LaCosse,8.82355769230765,1,17
Matt Milano IR,0,1,17
Matt Moore,11.6926923076921,1,17
Matt Prater,7.08653846153854,1,17
Matt Ryan,8.07932692307711,1,17
Matt Schaub,7.19086538461523,1,17
Matthew Adams,0,1,17
Matthew Judon,0,1,17
Matthew Stafford,24.0834615384615,1,17
Maurice Alexander,0,1,17
Maurice Hurst O,0,1,17
Maxx Crosby,0,1,17
Maxx Williams,12.3322115384615,1,17
Mecole Hardman,-4.54615384615372,1,17
Melvin Gordon III,36.9394230769229,1,17
Melvin Ingram III,0,1,17
Miami Dolphins,4.6346153846153,1,17
Micah Hyde,1.75961538461537,1,17
Michael Badgley,3.14903846153847,1,17
Michael Brockers,0,1,17
Michael Crabtree,-1.525,1,17
Michael Gallup,14.0802884615385,1,17
Michael Palardy,0.749999999999999,1,17
Michael Pierce,0,1,17
Michael Thomas,36.8298076923078,1,17
Michael Walker,-1.40144230769228,1,17
Mike Boone,10.9375,1,17
Mike Daniels,0,1,17
Mike Davis,3.48124999999998,1,17
Mike Edwards,0,1,17
Mike Evans,-7.97067307692292,1,17
Mike Ford,0,1,17
Mike Gesicki,35.4374999999999,1,17
Mike Glennon,1.5953846153846,1,17
Mike Hilton O,0,1,17
Mike Nugent,5.49038461538455,1,17
Mike Thomas,0.0576923076923035,1,17
Mike Williams,9.87740384615379,1,17
Miles Boykin,4.30769230769233,1,17
Miles Killebrew,0,1,17
Miles Sanders Q,40.9038461538462,1,17
Minkah Fitzpatrick,0,1,17
Minnesota Vikings,22.2307692307692,1,17
Mitchell Loewen,0,1,17
Mitchell Trubisky,-10.2021153846152,1,17
Mo Alie-Cox,3.68750000000004,1,17
Mohamed Sanu Sr.,7.49711538461546,1,17
Montae Nicholson,0,1,17
Montez Sweat,0,1,17
Montravius Adams,0,1,17
Morgan Burnett,0,1,17
Morgan Fox,0,1,17
MyCole Pruitt,2.56009615384618,1,17
Mychal Kendricks,0,1,17
Myles Garrett Q,0,1,17
Myles Gaskin IR,19.2701923076923,1,17
Myles Jack,0,1,17
N'Keal Harry O,7.72596153846151,1,17
Najee Goode,0,1,17
Nasir Adderley,0,1,17
Nate Hairston,0,1,17
Nathan Gerry IR,0,1,17
Natrell Jamerson,0,1,17
Ndamukong Suh,0,1,17
Nelson Agholor,-12.660576923077,1,17
Neville Hewitt,0,1,17
New England Patriots,10.4326923076921,1,17
New Orleans Saints,-1.56249999999987,1,17
New York Giants,-1.18269230769222,1,17
New York Jets,11.0769230769231,1,17
Nicholas Morrow,0,1,17
Nick Bawden IR,-0.58413461538459,1,17
Nick Bellore,11.9110576923077,1,17
Nick Bosa IR,0,1,17
Nick Boyle,5.91875000000007,1,17
Nick Chubb IR,-9.29230769230777,1,17
Nick Dzubnar,0,1,17
Nick Foles,-8.77028846153844,1,17
Nick Folk Q,17.1826923076923,1,17
Nick Kwiatkoski,0,1,17
Nick O'Leary,-9.52067307692298,1,17
Nick Scott,0.967788461538461,1,17
Nick Vannett,6.09999999999998,1,17
Nick Vigil,0,1,17
Nick Williams,0,1,17
Nickell Robey-Coleman,0,1,17
Nigel Bradham,0,1,17
Noah Fant,-0.834615384615368,1,17
Nyheim Hines,9.47644230769238,1,17
O.J. Howard IR,3.377403846154,1,17
Odell Beckham Jr. IR,14.8028846153844,1,17
Olamide Zaccheaus,-5.09374999999987,1,17
Olivier Vernon,0,1,17
Orlando Scandrick,0,1,17
Oshane Ximines IR,0,1,17
P.J. Hall,0,1,17
P.J. Williams,0,1,17
Parris Campbell IR,-2.56875000000003,1,17
Patrick Chung,0,1,17
Patrick DiMarco,1.87980769230765,1,17
Patrick Laird,-9.0456730769229,1,17
Patrick Mahomes,24.5945192307694,1,17
Patrick Onwuasor IR,0,1,17
Patrick Ricard,0.794711538461529,1,17
Patrick Robinson,0,1,17
Paul Perkins,0.413461538461527,1,17
Paul Richardson,-4.5254807692307,1,17
Pernell McPhee,0,1,17
Peter Kalambayi,0,1,17
Peyton Barber,-15.5451923076922,1,17
Pharaoh Brown,-0.286057692307689,1,17
Pharoh Cooper,3.23028846153844,1,17
Philadelphia Eagles,10.0673076923076,1,17
Philip Rivers,11.3763461538464,1,17
Phillip Dorsett II IR,2.60576923076933,1,17
Phillip Lindsay,23.5173076923079,1,17
Pierre Desir,0,1,17
Pittsburgh Steelers,-5.84615384615376,1,17
Poona Ford,0,1,17
Preston Brown,0,1,17
Preston Smith,0,1,17
Preston Williams Q,8.92307692307692,1,17
Prince Amukamara,0,1,17
Qadree Ollison,5.87596153846152,1,17
Quandre Diggs,0,1,17
Quincy Williams,0,1,17
Quincy Wilson,0,1,17
Quinton Dunbar Q,0,1,17
Quinton Jefferson,0,1,17
RJ McIntosh,0,1,17
Raekwon McMillan,0,1,17
Raheem Mostert IR,-7.72932692307688,1,17
Randall Cobb,7.08653846153852,1,17
Randy Bullock,7.03846153846164,1,17
Rashaad Penny PUP,-23.8177884615382,1,17
Rashaan Evans,0,1,17
Rashaan Gaulden,0,1,17
Rashaan Melvin,0,1,17
Rashard Higgins,2.62259615384609,1,17
Rasul Douglas,0,1,17
Raven Greene,0,1,17
Rayshawn Jenkins,0,1,17
Reggie Bonnafon,1.61778846153847,1,17
Reshad Jones,0,1,17
Rex Burkhead,27.2475961538462,1,17
Rhett Ellison,3.91634615384616,1,17
Ricardo Allen,0,1,17
Richard Sherman IR,0,1,17
Richie James Jr.,2.10432692307689,1,17
Ricky Seals-Jones,7.9639423076924,1,17
Rico Gafford,-3.71874999999993,1,17
Riley Ridley,0.468749999999996,1,17
Robbie Gould,20.0721153846153,1,17
Robby Anderson,-0.212980769230737,1,17
Robert Davis,2.04567307692308,1,17
Robert Foster O,-4.1918269230769,1,17
Robert Griffin III,1.75894230769229,1,17
Robert Quinn,0,1,17
Robert Tonyan,-3.07548076923064,1,17
Robert Woods,8.31009615384649,1,17
Rock Ya-Sin,0,1,17
Rodney Gunter,0,1,17
Rodney McLeod,0,1,17
Romeo Okwara,0,1,17
Ronald Blair III PUP,0,1,17
Ronald Darby,0,1,17
Ronald Jones II,24.6591346153846,1,17
Ronnie Harrison Jr.,0,1,17
Rontez Miles,0,1,17
Roosevelt Nix,0.749999999999981,1,17
Roquan Smith,0,1,17
Ross Cockrell,0,1,17
Ross Dwelley,3.6379807692307,1,17
Ross Travis,2.11778846153848,1,17
Roy Robertson-Harris,0,1,17
Royce Freeman,15.1384615384615,1,17
Russell Gage,7.45865384615383,1,17
Russell Shepard,-1.23125000000002,1,17
Russell Wilson,11.6362500000001,1,17
Ryan Anderson,0,1,17
Ryan Connelly,0,1,17
Ryan Finley,-6.22990384615387,1,17
Ryan Fitzpatrick,48.7615384615384,1,17
Ryan Glasgow,0,1,17
Ryan Grant,1.2875,1,17
Ryan Griffin,-0.929807692307898,1,17
Ryan Izzo Q,-0.615384615384486,1,17
Ryan Kerrigan,0,1,17
Ryan Succop,-6.53365384615377,1,17
Ryan Switzer,2.59375000000001,1,17
Ryan Tannehill,33.5852884615383,1,17
Ryquell Armstead,-0.624999999999987,1,17
Sam Darnold D,8.52067307692317,1,17
Sam Eguavoen,0,1,17
Sam Ficken D,11.2451923076923,1,17
Sam Hubbard IR,0,1,17
Sammy Watkins O,21.2302884615382,1,17
Samson Ebukam,0,1,17
San Francisco 49ers,19.4134615384614,1,17
Saquon Barkley IR,86.634615384615,1,17
Scott Simonson,-0.512019230769234,1,17
Scotty Miller,2.50288461538457,1,17
Sean Culkin,-0.475961538461532,1,17
Sean Lee,0,1,17
Sean Murphy-Bunting,0,1,17
Seattle Seahawks,-0.278846153846091,1,17
Seth DeValve,15.9086538461538,1,17
Seth Roberts,3.96298076923087,1,17
Shamar Stephen,0,1,17
Shaq Lawson,0,1,17
Shaq Thompson,0,1,17
Shaquem Griffin,0,1,17
Shaquil Barrett,0,1,17
Shaquill Griffin O,0,1,17
Sharif Finch,0,1,17
Sharrod Neasman,0,1,17
Shaun Dion Hamilton,0,1,17
Shawn Williams,0,1,17
Shelby Harris,0,1,17
Sheldon Day,0,1,17
Sheldon Richardson,0,1,17
Sheldrick Redwine,0,1,17
Shilique Calhoun Q,0,1,17
Shy Tuttle,0,1,17
Sidney Jones IV,0,1,17
Siran Neal,0,1,17
Sony Michel IR,18.8230769230769,1,17
Spencer Ware,10.09375,1,17
Stanley Morgan,0.413461538461529,1,17
Star Lotulelei,0,1,17
Stefon Diggs,28.5322115384614,1,17
Stephen Carlson,-2.22451923076922,1,17
Stephen Gostkowski,0.947115384615348,1,17
Stephen Hauschka,-2.09134615384606,1,17
Stephon Gilmore Q,0,1,17
Stephon Tuitt,0,1,17
Sterling Shepard,15.075480769231,1,17
Steve McLendon,0,1,17
Steven Nelson,0,1,17
Steven Sims Jr.,34.9995192307692,1,17
T.J. Carrie,0,1,17
T.J. Hockenson,7.16298076923081,1,17
T.J. Logan IR,-0.38125000000001,1,17
T.J. Watt,0,1,17
T.J. Yeldon,-4.34374999999986,1,17
T.Y. Hilton O,16.4254807692308,1,17
TJ Jones,-2.4000000000001,1,17
Tae Davis,0,1,17
Tahir Whitehead,0,1,17
Taiwan Jones,0,1,17
Tajaé Sharpe,40.5759615384615,1,17
Takkarist McKinley O,0,1,17
Tampa Bay Buccaneers,-0.552884615384588,1,17
Tanner Hudson,1.22596153846152,1,17
Tarell Basham,0,1,17
Tarik Cohen IR,5.17451923076924,1,17
Taron Johnson,0,1,17
Tarvarius Moore,0,1,17
Tashaun Gipson Sr.,0,1,17
Taven Bryan,0,1,17
Tavon Austin,8.69711538461537,1,17
Tavon Wilson,0,1,17
Taylor Gabriel,-7.48317307692293,1,17
Taylor Rapp,0,1,17
Taylor Stallworth,0,1,17
Taysom Hill,11.0043269230768,1,17
Ted Ginn Jr.,2.31538461538468,1,17
Teddy Bridgewater,-0.66086538461516,1,17
Tedric Thompson,0,1,17
Tennessee Titans,-4.98557692307685,1,17
Terrance Mitchell,0,1,17
Terrell Edmunds,0,1,17
Terrell Suggs,0,1,17
Terry McLaurin,27.7283653846154,1,17
Tevin Coleman O,18.4230769230767,1,17
Tevin Jones,-3.68317307692307,1,17
Thomas Davis Sr.,0,1,17
Tim Boyle,-0.256730769230769,1,17
Tim Patrick,11.7875,1,17
Tim Settle,0,1,17
Timmy Jernigan,0,1,17
Todd Gurley II,10.1947115384616,1,17
Tom Brady,18.9082692307693,1,17
Tommy Sweeney,1.3125,1,17
Tony Brooks-James,0.0264423076923048,1,17
Tony Brown,0,1,17
Tony Jefferson,0,1,17
Tony Pollard,-4.53317307692288,1,17
Tra Carson,0.889423076923066,1,17
Tracy Walker O,0,1,17
Trae Waynes,0,1,17
Tramaine Brock Sr.,0,1,17
Tramon Williams,0,1,17
Travis Benjamin,0.331730769230794,1,17
Travis Homer,14.6923076923077,1,17
Travis Kelce,27.6783653846152,1,17
Trayvon Mullen Q,0,1,17
Tre Boston,0,1,17
Tre Flowers,0,1,17
Tre'Davious White Q,0,1,17
Tre'Quan Smith,-0.35000000000003,1,17
Tremaine Edmunds,0,1,17
Trent Murphy,0,1,17
Trent Sherfield,0.598076923076948,1,17
Trevon Wesco O,6.62740384615384,1,17
Trevor Davis,0.214423076923155,1,17
Trevor Siemian,-0.022500000000001,1,17
Trey Burton,-1.51153846153841,1,17
Trey Edmunds,-0.63846153846157,1,17
Trey Flowers IR,0,1,17
Trey Hendrickson,0,1,17
Trey Quinn,1.56057692307693,1,17
Troy Apke,0,1,17
Troy Fumagalli,-1.36201923076925,1,17
Troy Hill,0,1,17
Troy Reeder,0,1,17
Troymaine Pope O,-2.46634615384615,1,17
Trumaine Johnson,0,1,17
Ty Johnson,2.97548076923069,1,17
Ty Long,-4.83653846153835,1,17
Ty Montgomery,-2.39519230769228,1,17
Ty Summers,0,1,17
Tyeler Davison,0,1,17
Tyler Boyd,37.6576923076923,1,17
Tyler Conklin,-3.79567307692306,1,17
Tyler Eifert,28.6855769230768,1,17
Tyler Ervin,2.49999999999999,1,17
Tyler Higbee,23.1173076923079,1,17
Tyler Kroft,2.87692307692303,1,17
Tyler Lockett,17.1899038461538,1,17
Tyler Matakevich,0,1,17
Tyrann Mathieu,0,1,17
Tyreek Hill,39.290384615384,1,17
Tyrell Williams IR,21.7879807692304,1,17
Tyrod Taylor,-1.92644230769223,1,17
Tyrone Crawford,0,1,17
Tyson Alualu O,0,1,17
Tyus Bowser,0,1,17
Uchenna Nwosu,0,1,17
Ugo Amadi O,0,1,17
Vance McDonald,3.01634615384593,1,17
Ventell Bryant,-4.29086538461535,1,17
Vernon Davis,1.97548076923077,1,17
Vernon Hargreaves III,0,1,17
Vic Beasley Jr.,0,1,17
Vince Williams,0,1,17
Vinny Curry,0,1,17
Virgil Green IR,0.821153846153878,1,17
Vita Vea IR,-3.03798076923075,1,17
Von Miller IR,0,1,17
Vonn Bell,0,1,17
Vontaze Burfict,0,1,17
Vyncint Smith D,8.92163461538461,1,17
Walt Aikens,0,1,17
Washington Football Team,-14.5384615384614,1,17
Wayne Gallman,-1.64615384615373,1,17
Wendell Smallwood,0.592307692307639,1,17
Wes Hills,5.06249999999995,1,17
Wesley Woodyard,0,1,17
Whitney Mercilus,0,1,17
Wil Lutz,2.46634615384623,1,17
Will Dissly,-13.4783653846151,1,17
Will Fuller V,-5.19903846153844,1,17
Will Grier,11.96875,1,17
Will Harris,0,1,17
Will Parks,0,1,17
William Gholston,0,1,17
William Jackson III,0,1,17
Willie Snead IV,-11.3850961538459,1,17
Xavien Howard,0,1,17
Xavier Grimble,-0.406249999999988,1,17
Xavier Rhodes,0,1,17
Xavier Woods,0,1,17
Yannick Ngakoue,0,1,17
Younghoe Koo,-5.13942307692294,1,17
Za'Darius Smith,0,1,17
Zach Allen IR,0,1,17
Zach Brown,0,1,17
Zach Cunningham,0,1,17
Zach Ertz IR,-7.79999999999991,1,17
Zach Gentry,0.437499999999998,1,17
Zach Line,1.11057692307689,1,17
Zach Pascal,-5.35048076923063,1,17
Zach Wood,0,1,17
Zach Zenner,1.21730769230766,1,17
Zane Gonzalez,22.1826923076921,1,17
Zay Jones,4.14615384615384,1,17
